threshold,alpha,window,limit,bps,totalb,time
0.2,0.1,15,1,1.67406,3.7948e+07,18.6479
0.2,0.2,15,1,1.65227,3.74541e+07,17.5545
0.2,0.3,15,1,1.64201,3.72216e+07,17.2758
0.2,0.4,15,1,1.63612,3.70879e+07,18.3011
0.2,0.5,15,1,1.63242,3.7004e+07,16.5557
0.2,0.6,15,1,1.62999,3.69489e+07,18.5625
0.2,0.7,15,1,1.62836,3.69121e+07,16.9652
0.2,0.8,15,1,1.62727,3.68874e+07,16.9328
0.2,0.9,15,1,1.62656,3.68713e+07,16.8006
0.2,1,15,1,1.62612,3.68613e+07,16.6403
