pred,mutate_0.1,mutate_0.2,mutate_0.3,mutate_0.4,mutate_0.5,mutate_0.6,mutate_0.7,mutate_0.8,mutate_0.9
79.67347465449986,75.9427568766412,75.29702921159465,75.1525538501581,75.09928545353684,75.0590308680984,75.02517290171595,74.99727040824767,74.97780483474115,74.96567331584188
