pred,gzip,bzip2,tarxz
79.67347465449986,72.52812692656792,74.88794998285044,81.29185677308215
