pred,gzip,bzip2,tarxz
81.47395748895204,72.52812692656792,74.88794998285044,81.29185677308215
