mutate,pred,gzip,bzip2,tarxz
0.1,75.9427568766412,71.28393158264487,73.3067719241361,77.30221929595281
0.2,75.29702921159465,70.89811398995731,72.82207142376609,74.98856659487014
0.3,75.1525538501581,70.75058148575815,72.68491026536043,73.83946912473297
0.4,75.09928545353684,70.70562428244823,72.63194184811559,73.52210859032853
0.5,75.0590308680984,70.69947911669307,72.6325859214826,73.3087173786214
0.6,75.02517290171595,70.71261644879561,72.64711286393178,73.32503978586766
0.7,74.99727040824767,70.72375097741443,72.65571521369671,73.06979262822739
0.8,74.97780483474115,70.74700820200964,72.66402199554663,73.19874846839573
0.9,74.96567331584188,70.76843025865502,72.66075310263595,73.04942932232233
