threshold,alpha,window,limit,bps,totalb,time
0.1,1,15,1,1.62612,3.68613e+07,16.7103
0.2,1,15,1,1.62612,3.68613e+07,18.2974
0.3,1,15,1,1.62612,3.68613e+07,16.668
0.4,1,15,1,1.62612,3.68613e+07,16.8694
0.5,1,15,1,1.62612,3.68613e+07,16.4927
0.6,1,15,1,1.62612,3.68613e+07,16.4944
